CustomerID,A1,A2,A3,A4,A5,A6,A7,A8,A9,A10,A11,A12,A13,A14,Class
15776156,b,22.08,11.46,g,k,bb,1.585,f,f,0,t,g,100,1213,f
15739548,a,22.67,7,g,c,bb,0.165,f,f,0,f,g,160,1,f
15662854,a,29.58,1.75,p,k,bb,1.25,f,f,0,t,g,280,1,f
15687688,a,21.67,11.5,p,j,j,0,t,t,11,t,g,0,1,t
15715750,b,20.17,8.17,g,aa,bb,1.96,t,t,14,f,g,60,159,t
15571121,a,15.83,0.585,g,c,h,1.5,t,t,2,f,g,100,1,t
15726466,b,17.42,6.5,g,i,bb,0.125,f,f,0,f,g,60,101,f
15660390,a,58.67,4.46,g,q,h,3.04,t,t,6,f,g,43,561,t
15663942,b,27.83,1,p,d,h,3,f,f,0,f,g,176,538,f
15638610,a,55.75,7.08,g,k,h,6.75,t,t,3,t,g,100,51,f
15644446,b,33.5,1.75,g,x,h,4.5,t,t,4,t,g,253,858,t
15585892,b,41.42,5,g,q,h,5,t,t,6,t,g,470,1,t
15609356,b,20.67,1.25,p,c,h,1.375,t,t,3,t,g,140,211,f
15803378,b,34.92,5,g,x,h,7.5,t,t,6,t,g,0,1001,t
15599440,b,58.58,2.71,g,c,bb,2.415,f,f,0,t,g,320,1,f
15692408,b,48.08,6.04,g,k,bb,0.04,f,f,0,f,g,0,2691,t
15683168,b,29.58,4.5,g,w,bb,7.5,t,t,2,t,g,330,1,t
15790254,a,18.92,9,g,aa,bb,0.75,t,t,2,f,g,88,592,t
15767729,b,20,1.25,p,k,bb,0.125,f,f,0,f,g,140,5,f
15768600,a,22.42,5.665,g,q,bb,2.585,t,t,7,f,g,129,3258,t
15699839,a,28.17,0.585,g,aa,bb,0.04,f,f,0,f,g,260,1005,f
15786237,a,19.17,0.585,p,aa,bb,0.585,t,f,0,t,g,160,1,f
15694530,b,41.17,1.335,g,d,bb,0.165,f,f,0,f,g,168,1,f
15796813,b,41.58,1.75,g,k,bb,0.21,t,f,0,f,g,160,1,f
15605791,b,19.5,9.585,g,aa,bb,0.79,f,f,0,f,g,80,351,f
15714087,b,32.75,1.5,g,cc,h,5.5,t,t,3,t,g,0,1,t
15711446,b,22.5,0.125,p,k,bb,0.125,f,f,0,f,g,200,71,f
15588123,b,33.17,3.04,p,c,h,2.04,t,t,1,t,g,180,18028,t
15748552,a,30.67,12,g,c,bb,2,t,t,1,f,g,220,20,t
15618410,b,23.08,2.5,g,c,bb,1.085,t,t,11,t,g,60,2185,t
15672432,b,27,0.75,g,c,h,4.25,t,t,3,t,g,312,151,t
15610042,a,20.42,10.5,p,x,h,0,f,f,0,t,g,154,33,f
15580914,b,52.33,1.375,p,c,h,9.46,t,f,0,t,g,200,101,f
15583680,b,23.08,11.5,g,w,h,2.125,t,t,11,t,g,290,285,t
15813718,b,42.83,1.25,g,m,bb,13.875,f,t,1,t,g,352,113,f
15767264,b,74.83,19,p,ff,ff,0.04,f,t,2,f,g,0,352,f
15686461,b,25,12.5,g,aa,bb,3,t,f,0,t,s,20,1,t
15678882,b,39.58,13.915,g,w,bb,8.625,t,t,6,t,g,70,1,t
15789611,a,47.75,8,g,c,bb,7.875,t,t,6,t,g,0,1261,t
15668679,a,47.42,3,g,x,bb,13.875,t,t,2,t,g,519,1705,t
15631685,b,23.17,0,g,cc,bb,0.085,t,f,0,f,g,0,1,t
15655658,b,22.58,1.5,p,aa,bb,0.54,f,f,0,t,g,120,68,f
15753591,b,26.75,1.125,g,x,h,1.25,t,f,0,f,g,0,5299,t
15617348,b,63.33,0.54,g,c,bb,0.585,t,t,3,t,g,180,1,f
15704581,b,23.75,0.415,p,c,bb,0.04,f,t,2,f,g,128,7,f
15738487,a,20.75,10.25,g,q,bb,0.71,t,t,2,t,g,49,1,t
15648069,a,24.5,1.75,p,c,bb,0.165,f,f,0,f,g,132,1,f
15737627,b,16.17,0.04,g,c,bb,0.04,f,f,0,f,g,0,1,t
15731586,a,29.5,2,p,e,h,2,f,f,0,f,g,256,18,f
15757467,a,52.83,15,g,c,bb,5.5,t,t,14,f,g,0,2201,t
15597709,b,32.33,3.5,g,k,bb,0.5,f,f,0,t,g,232,1,f
15720529,b,21.08,4.125,p,i,h,0.04,f,f,0,f,g,140,101,f
15596797,b,28.17,0.125,p,k,bb,0.085,f,f,0,f,g,216,2101,f
15681755,b,19,1.75,p,c,bb,2.335,f,f,0,t,g,112,7,f
15815271,b,27.58,3.25,p,q,h,5.085,f,t,2,t,g,369,2,f
15682860,b,27.83,1.5,g,w,bb,2,t,t,11,t,g,434,36,t
15621546,b,40,6.5,g,aa,v,3.5,t,t,1,f,g,0,501,t
15705918,a,37.33,2.5,g,i,h,0.21,f,f,0,f,g,260,247,f
15684512,b,42.5,4.915,p,w,bb,3.165,t,f,0,t,g,52,1443,t
15671769,b,56.75,12.25,g,m,bb,1.25,t,t,4,t,g,200,1,t
15642934,b,43.17,5,g,i,v,2.25,f,f,0,t,g,141,1,f
15594305,a,23.75,0.71,g,w,bb,0.25,f,t,1,t,g,240,5,f
15789201,b,18.5,2,g,i,bb,1.5,t,t,2,f,g,120,301,t
15706762,a,40.83,3.5,g,i,v,0.5,f,f,0,f,s,1160,1,f
15766183,a,24.5,0.5,g,q,h,1.5,t,f,0,f,g,280,825,t
15777994,b,42,9.79,g,x,h,7.96,t,t,8,f,g,0,1,t
15568162,a,19.5,0.165,g,q,bb,0.04,f,f,0,t,g,380,1,f
15680643,b,21.5,11.5,g,i,bb,0.5,t,f,0,t,g,100,69,f
15761854,b,31.25,2.835,g,ff,ff,0,f,t,5,f,g,176,147,f
15730793,b,27.25,1.585,g,cc,h,1.835,t,t,12,t,g,583,714,t
15692137,b,48.75,26.335,p,ff,ff,0,t,f,0,t,g,0,1,f
15608595,a,30.42,1.375,g,w,h,0.04,f,t,3,f,g,0,34,f
15709459,b,29.42,1.25,g,w,bb,1.75,f,f,0,f,g,200,1,f
15775750,b,28.25,5.04,p,c,v,1.5,t,t,8,t,g,144,8,t
15585855,b,40.25,21.5,g,e,z,20,t,t,11,f,g,0,1201,t
15752139,b,36.5,4.25,g,q,bb,3.5,f,f,0,f,g,454,51,f
15768295,b,25.58,0.335,g,k,h,3.5,f,f,0,t,g,340,1,f
15766906,b,29.83,3.5,g,c,bb,0.165,f,f,0,f,g,216,1,f
15725776,b,23.08,0,g,k,bb,1,f,t,11,f,s,0,1,f
15682576,a,32.17,1.46,g,w,bb,1.085,t,t,16,f,g,120,2080,t
15704081,b,25.17,3.5,g,cc,bb,0.625,t,t,7,f,g,0,7060,t
15719940,a,35.17,3.75,g,ff,ff,0,f,t,6,f,g,0,201,f
15672894,a,18.58,10,g,d,bb,0.415,f,f,0,f,g,80,43,f
15667451,b,39.92,5,g,i,v,0.21,f,f,0,f,g,550,1,f
15636767,b,23.42,1,g,c,bb,0.5,f,f,0,t,s,280,1,f
15571415,b,37.58,0,g,c,bb,0,f,f,0,f,p,184,1,t
15575605,a,24.75,13.665,g,q,h,1.5,f,f,0,f,g,280,2,f
15649160,a,47,13,g,i,v,5.165,t,t,9,t,g,0,1,t
15615832,b,34.17,5.25,g,w,bb,0.085,f,f,0,t,g,290,7,t
15600975,b,22.17,0.585,p,ff,ff,0,f,f,0,f,g,100,1,f
15690772,b,27.75,1.29,g,k,h,0.25,f,f,0,t,s,140,1,f
15565714,b,42.75,4.085,g,aa,bb,0.04,f,f,0,f,g,108,101,f
15763108,b,28.67,14.5,g,d,bb,0.125,f,f,0,f,g,0,287,f
15723884,b,36.25,5,g,c,v,2.5,t,t,6,f,g,0,368,t
15644453,a,18.17,10,p,q,h,0.165,f,f,0,f,g,340,1,f
15655464,b,21.25,1.5,g,w,bb,1.5,f,f,0,f,g,150,9,t
15783883,a,38.92,1.665,g,aa,bb,0.25,f,f,0,f,g,0,391,f
15787693,b,31.83,0.04,p,m,bb,0.04,f,f,0,f,g,0,1,f
15664793,a,17.33,9.5,g,aa,bb,1.75,f,t,10,t,g,0,11,f
15642391,a,20.42,0.835,g,q,bb,1.585,t,t,1,f,g,0,1,t
15756538,a,39.08,4,g,c,bb,3,f,f,0,f,g,480,1,f
15668830,b,38.67,0.21,g,k,bb,0.085,t,f,0,t,g,280,1,t
15796569,b,27.67,13.75,g,w,bb,5.75,t,f,0,t,g,487,501,t
15677112,b,27.75,0.585,p,cc,bb,0.25,t,t,2,f,g,260,501,t
15815040,b,19,0,p,ff,ff,0,f,t,4,f,g,45,2,f
15590434,a,25,0.875,g,x,h,1.04,t,f,0,t,g,160,5861,t
15597536,b,27.67,2,g,x,h,1,t,t,4,f,g,140,7545,t
15723989,b,22.25,9,g,aa,bb,0.085,f,f,0,f,g,0,1,f
15767358,a,49.83,13.585,g,k,h,8.5,t,f,0,t,g,0,1,t
15594812,b,32.33,2.5,g,c,bb,1.25,f,f,0,t,g,280,1,f
15688210,b,38.25,10.125,p,k,bb,0.125,f,f,0,f,g,160,1,f
15681509,b,47.33,6.5,g,c,bb,1,f,f,0,t,g,0,229,f
15572390,b,27.83,4,p,i,h,5.75,t,t,2,t,g,75,1,f
15801441,a,35.75,0.915,g,aa,bb,0.75,t,t,4,f,g,0,1584,t
15783859,b,33.58,0.25,g,i,v,4,f,f,0,t,s,420,1,f
15575243,b,34.08,0.08,p,m,v,0.04,t,t,1,t,g,280,2001,t
15773421,a,20.75,10.335,g,cc,h,0.335,t,t,1,t,g,80,51,t
15788776,b,33.17,1,g,x,bb,0.75,t,t,7,t,g,340,4072,t
15765257,b,22.75,11,g,q,bb,2.5,t,t,7,t,g,100,810,t
15661412,b,48.75,8.5,g,c,h,12.5,t,t,9,f,g,181,1656,t
15636478,b,40.58,5,g,c,bb,5,t,t,7,f,g,0,3066,t
15603683,b,20.67,0.835,p,c,bb,2,f,f,0,t,s,240,1,f
15651868,a,38.75,1.5,g,ff,ff,0,f,f,0,f,g,76,1,f
15815443,a,57.08,19.5,g,c,bb,5.5,t,t,7,f,g,0,3001,t
15682686,a,31.25,3.75,g,cc,h,0.625,t,t,9,t,g,181,1,t
15697460,b,22,0.79,g,w,bb,0.29,f,t,1,f,g,420,284,f
15748432,a,58.33,10,g,q,bb,4,t,t,14,f,g,0,1603,t
15698271,b,28.92,0.375,g,c,bb,0.29,f,f,0,f,g,220,141,f
15808662,a,46,4,g,j,j,0,t,f,0,f,g,100,961,t
15690372,b,21,3,p,d,bb,1.085,t,t,8,t,g,160,2,t
15781875,a,24.75,12.5,g,aa,bb,1.5,t,t,12,t,g,120,568,t
15801473,a,20.83,0.5,p,e,dd,1,f,f,0,f,g,260,1,f
15704509,b,24.58,13.5,p,ff,ff,0,f,f,0,f,g,184,1,f
15694666,a,26.5,2.71,p,c,bb,0.085,f,f,0,f,s,80,1,f
15731166,b,40.92,0.835,g,ff,ff,0,t,f,0,f,g,130,2,f
15728523,a,38.33,4.415,g,c,bb,0.125,f,f,0,f,g,160,1,f
15788442,b,19.58,0.585,g,ff,ff,0,f,t,3,f,g,350,770,f
15689781,b,39.25,9.5,g,m,bb,6.5,t,t,14,f,g,240,4608,t
15764226,b,25.75,0.5,g,c,bb,1.46,t,t,5,t,g,312,1,t
15809837,a,46.08,3,g,c,bb,2.375,t,t,8,t,g,396,4160,t
15805212,b,19.67,10,p,k,h,0.835,t,f,0,t,g,140,1,f
15716082,a,22.25,1.25,p,ff,ff,3.25,f,f,0,f,g,280,1,f
15643056,b,18.83,3.54,p,ff,ff,0,f,f,0,t,g,180,2,f
15654859,b,64.08,20,g,x,h,17.5,t,t,9,t,g,0,1001,t
15761158,a,16.5,1.25,g,q,bb,0.25,f,t,1,f,g,108,99,f
15577515,a,68.67,15,g,e,z,0,t,t,14,f,g,0,3377,t
15723827,b,76.75,22.29,g,e,z,12.75,t,t,1,t,g,0,110,t
15646594,a,15.92,2.875,g,q,bb,0.085,f,f,0,f,g,120,1,f
15712877,b,34.83,4,g,d,v,12.5,t,f,0,t,g,184,1,f
15598802,a,47.42,8,g,e,v,6.5,t,t,6,f,g,375,51101,t
15699340,b,23.17,0,g,c,bb,0,f,f,0,f,p,184,1,t
15691150,b,45.17,1.5,g,c,bb,2.5,t,f,0,t,g,140,1,f
15608688,b,15.17,7,g,e,bb,1,f,f,0,f,g,600,1,f
15737998,b,18.83,0.415,p,c,bb,0.165,f,t,1,f,g,200,2,f
15735837,b,52.5,6.5,g,k,bb,6.29,t,t,15,f,g,0,11203,t
15659100,b,19.17,0,p,m,v,0,f,f,0,t,s,500,2,t
15609070,b,18,0.165,g,q,o,0.21,f,f,0,f,g,200,41,t
15650313,b,37.5,0.835,g,e,bb,0.04,f,f,0,f,g,120,6,f
15627699,b,22.67,1.585,p,w,bb,3.085,t,t,6,f,g,80,1,t
15591010,b,47.83,4.165,g,x,v,0.085,f,f,0,t,g,520,1,f
15798895,b,34.08,2.5,g,c,bb,1,f,f,0,f,g,460,17,f
15745375,a,33.08,1.625,g,d,bb,0.54,f,f,0,t,g,0,1,f
15775235,b,43.08,0.375,p,c,bb,0.375,t,t,8,t,g,300,163,t
15780088,b,34.5,4.04,p,i,v,8.5,t,t,7,t,g,195,1,t
15649379,b,42.75,3,g,i,v,1,t,f,0,f,g,0,201,f
15713983,b,18.25,0.165,g,d,bb,0.25,f,f,0,t,s,280,1,f
15709252,b,23.08,2.5,g,ff,ff,0.085,f,f,0,t,g,100,4209,f
15699238,a,22.5,8.46,p,x,bb,2.46,f,f,0,f,g,164,1,t
15732884,b,17.92,0.205,g,aa,bb,0.04,f,f,0,f,g,280,751,f
15587297,b,18.42,10.415,p,aa,bb,0.125,t,f,0,f,g,120,376,f
15684722,a,27.67,1.5,g,m,bb,2,t,f,0,f,s,368,1,f
15621244,a,18.92,9.25,p,c,bb,1,t,t,4,t,g,80,501,t
15744273,b,22.67,0.75,g,i,bb,1.585,f,t,1,t,g,400,10,f
15682540,b,62.5,12.75,p,c,h,5,t,f,0,f,g,112,1,f
15636521,a,23.5,9,g,q,bb,8.5,t,t,5,t,g,120,1,t
15785339,b,35.25,3.165,g,x,h,3.75,t,f,0,t,g,680,1,f
15638983,a,56.83,4.25,p,ff,ff,5,f,f,0,t,g,0,5,f
15654625,a,53.33,0.165,g,ff,ff,0,f,f,0,t,s,62,28,f
15697310,b,41.17,4.04,g,cc,h,7,t,t,8,f,g,320,1,t
15678210,b,42.17,5.04,g,q,h,12.75,t,f,0,t,g,92,1,t
15575438,b,41.17,1.25,p,w,bb,0.25,f,f,0,f,g,0,196,f
15632789,a,33.75,0.75,g,k,v,1,t,t,3,t,g,212,1,f
15621423,b,25.67,12.5,g,cc,bb,1.21,t,t,67,t,g,140,259,t
15573520,b,24.33,6.625,p,d,bb,5.5,t,f,0,t,s,100,1,t
15740458,b,23.33,11.625,p,w,bb,0.835,t,f,0,t,g,160,301,t
15762799,b,30.67,2.5,g,cc,h,2.25,f,f,0,t,s,340,1,f
15686885,b,37.17,4,g,c,v,5,t,f,0,t,s,280,1,f
15565996,b,26.25,1.54,g,w,bb,0.125,f,f,0,f,g,100,1,f
15662152,a,29.75,0.665,g,w,bb,0.25,f,f,0,t,g,300,1,f
15711742,a,23,1.835,g,j,j,0,f,t,1,f,g,200,54,f
15701885,b,17.25,3,g,k,bb,0.04,f,f,0,t,g,160,41,f
15774262,b,29.25,14.79,g,aa,bb,5.04,t,t,5,t,g,168,1,t
15567839,a,28.58,3.54,g,i,v,0.5,t,f,0,t,g,171,1,f
15644400,b,34.58,0,g,c,bb,0,f,f,0,f,p,184,1,f
15797246,b,23.42,0.585,g,c,h,0.085,t,f,0,f,g,180,1,f
15778290,b,25,11.25,g,c,bb,2.5,t,t,17,f,g,200,1209,t
15708714,a,18.75,7.5,g,q,bb,2.71,t,t,5,f,g,184,26727,t
15586183,b,17.08,0.25,g,q,bb,0.335,f,t,4,f,g,160,9,f
15761733,a,16.08,0.335,g,ff,ff,0,f,t,1,f,g,160,127,f
15773934,b,32.92,2.5,g,aa,bb,1.75,f,t,2,t,g,720,1,f
15705343,a,20.33,10,g,c,h,1,t,t,4,f,g,50,1466,t
15593959,a,21.75,1.75,p,j,j,0,f,f,0,f,g,160,1,f
15664615,b,33.17,1.04,g,r,h,6.5,t,f,0,t,g,164,31286,t
15671014,a,25.33,2.085,g,c,h,2.75,t,f,0,t,g,360,2,f
15657778,a,24.75,3,g,q,h,1.835,t,t,19,f,g,0,501,t
15585192,b,30.83,0,g,w,bb,1.25,t,t,1,f,g,202,1,t
15592914,b,20.75,5.085,p,j,bb,0.29,f,f,0,f,g,140,185,f
15770995,a,40.33,8.125,p,k,bb,0.165,f,t,2,f,g,184,19,f
15570990,b,29.42,1.25,g,c,h,0.25,f,t,2,t,g,400,109,f
15596165,b,40.92,0.5,p,m,bb,0.5,f,f,0,t,g,130,1,f
15788131,a,29.5,0.46,g,k,bb,0.54,t,t,4,f,g,380,501,t
15800773,b,54.42,0.5,p,k,h,3.96,t,f,0,f,g,180,315,t
15690153,b,34,5.5,p,c,bb,1.5,f,f,0,t,g,60,1,f
15638989,b,25,12,g,k,bb,2.25,t,t,2,t,g,120,6,f
15623210,a,26.58,2.54,p,ff,ff,0,f,f,0,t,g,180,61,f
15652658,a,33.08,4.625,g,q,h,1.625,t,t,2,f,g,0,1,t
15684440,b,33.67,2.165,g,c,bb,1.5,f,f,0,f,p,120,1,f
15730287,b,36.17,5.5,g,i,v,5,f,f,0,f,g,210,688,f
15720353,b,19.5,0.29,g,k,bb,0.29,f,f,0,f,g,280,365,f
15767231,b,24.17,0.875,g,q,bb,4.625,t,t,2,t,g,520,2001,t
15761554,a,30.5,6.5,g,c,v,4,t,t,7,t,g,0,3066,t
15706637,b,20,7,g,c,bb,0.5,f,f,0,f,g,0,1,f
15690492,b,25.33,0.58,g,c,bb,0.29,t,t,7,t,g,96,5125,t
15694237,b,29.58,4.75,g,m,bb,2,f,t,1,t,g,460,69,f
15729771,b,43.17,2.25,g,i,v,0.75,t,f,0,f,g,560,1,f
15609823,b,28.75,1.165,g,k,bb,0.5,t,f,0,f,s,280,1,f
15793366,b,31.57,3,p,i,v,7,f,f,0,f,g,0,2,f
15614813,b,20.25,9.96,g,e,dd,0,t,f,0,f,g,0,1,t
15566495,b,45,8.5,g,cc,h,14,t,t,1,t,g,88,2001,t
15707602,a,22.83,2.29,g,q,h,2.29,t,t,7,t,g,140,2385,t
15635244,a,20.67,3,g,q,bb,0.165,t,t,3,f,g,100,7,t
15805627,b,27.83,1.5,g,w,bb,2.25,f,t,1,t,g,100,4,f
15607986,b,40.92,2.25,p,x,h,10,t,f,0,t,g,176,1,f
15799785,b,56.42,28,p,c,bb,28.5,t,t,40,f,g,0,16,t
15699963,a,64.08,0.165,g,ff,ff,0,t,t,1,f,g,232,101,t
15624595,a,22.42,11.25,p,x,h,0.75,t,t,4,f,g,0,322,t
15629750,a,24.33,2.5,p,i,v,4.5,f,f,0,f,g,200,457,f
15651460,a,69.5,6,g,ff,ff,0,f,f,0,f,s,0,1,f
15753550,b,35.58,0.75,g,k,bb,1.5,f,f,0,t,g,231,1,f
15594133,b,48.33,12,g,m,bb,16,t,f,0,f,s,110,1,t
15772329,a,28.08,15,p,e,z,0,t,f,0,f,g,0,13213,t
15591552,b,35.17,2.5,g,k,bb,4.5,t,t,7,f,g,150,1271,t
15750921,b,49.5,7.585,g,i,v,7.585,t,t,15,t,g,0,5001,t
15701687,b,80.25,5.5,g,c,bb,0.54,t,f,0,f,g,0,341,f
15728906,b,29.25,13,g,d,h,0.5,f,f,0,f,g,228,1,f
15670029,a,16.92,0.5,g,i,bb,0.165,f,t,6,t,g,240,36,f
15763579,a,16,0.165,g,aa,bb,1,f,t,2,t,g,320,2,f
15728010,b,60.08,14.5,g,ff,ff,18,t,t,15,t,g,0,1001,t
15663194,b,28,2,g,k,h,4.165,t,t,2,t,g,181,1,t
15736510,b,41.5,1.54,g,i,v,3.5,f,f,0,f,g,216,1,t
15745804,b,24.08,9,g,aa,bb,0.25,f,f,0,t,g,0,1,f
15631451,b,24.5,13.335,p,aa,bb,0.04,f,f,0,t,g,120,476,f
15746995,b,34.75,15,g,r,o,5.375,t,t,9,t,g,0,135,t
15730673,b,33.67,1.25,g,w,bb,1.165,f,f,0,f,g,120,1,f
15734649,a,40.83,10,g,q,h,1.75,t,f,0,f,g,29,838,t
15701081,b,20.42,1.835,g,c,bb,2.25,t,t,1,f,g,100,151,t
15632503,b,37.5,1.125,p,d,bb,1.5,f,f,0,t,g,431,1,t
15585928,b,48.5,4.25,g,m,bb,0.125,t,f,0,t,g,225,1,t
15648681,b,23,0.75,g,m,bb,0.5,f,f,0,t,s,320,1,f
15747757,b,35,3.375,g,c,h,8.29,f,f,0,t,g,0,1,f
15718921,b,16.33,2.75,g,aa,bb,0.665,f,t,1,f,g,80,22,f
15571081,b,22.67,10.5,g,q,h,1.335,t,f,0,f,g,100,1,t
15734578,a,21.75,11.75,g,c,bb,0.25,f,f,0,t,g,180,1,f
15579583,a,25.08,2.54,p,aa,bb,0.25,t,f,0,t,g,370,1,t
15622729,b,36.33,2.125,p,w,bb,0.085,t,t,1,f,g,50,1188,t
15662189,a,28.58,3.75,g,c,bb,0.25,f,t,1,t,g,40,155,f
15692718,b,22.17,12.125,g,c,bb,3.335,f,t,2,t,g,180,174,f
15762716,b,34.17,1.54,g,cc,bb,1.54,t,t,1,t,g,520,50001,t
15724851,b,35,2.5,g,i,bb,1,f,f,0,t,g,210,1,f
15587266,b,28.58,3.625,g,aa,bb,0.25,f,f,0,t,g,100,1,f
15675926,a,19.17,5.415,g,i,h,0.29,f,f,0,f,g,80,485,f
15706268,b,23.25,1,g,c,bb,0.835,t,f,0,f,s,300,1,t
15581871,b,16.5,0.125,g,c,bb,0.165,f,f,0,f,g,132,1,f
15666166,a,20.08,0.125,g,q,bb,1,f,t,1,f,g,240,769,t
15671582,b,22.33,11,g,w,bb,2,t,t,1,f,g,80,279,t
15680901,b,34,5.085,p,i,v,1.085,f,f,0,t,g,480,1,f
15642336,a,57.08,0.335,g,i,v,1,t,f,0,t,g,252,2198,f
15653147,b,16.25,0.835,g,m,bb,0.085,t,f,0,f,s,200,1,f
15571284,b,32.83,2.5,g,cc,h,2.75,t,t,6,f,g,160,2073,t
15591360,b,48.25,25.085,g,w,bb,1.75,t,t,3,f,g,120,15,t
15810485,b,34.17,2.75,g,i,v,2.5,f,f,0,t,g,232,201,f
15611973,b,18.33,1.21,p,e,dd,0,f,f,0,f,g,100,1,f
15735572,b,44.25,0.5,g,m,bb,10.75,t,f,0,f,s,400,1,f
15567860,b,38.92,1.75,g,k,bb,0.5,f,f,0,t,g,300,3,f
15795690,b,31.58,0.75,p,aa,bb,3.5,f,f,0,t,g,320,1,f
15706464,b,25.08,1.71,g,x,bb,1.665,t,t,1,t,g,395,21,t
15725028,b,65.42,11,g,e,z,20,t,t,7,t,g,22,1,t
15751167,b,41.33,0,g,c,v,15,t,f,0,f,g,0,1,t
15633944,b,31.25,1.125,g,ff,ff,0,f,t,1,f,g,96,20,f
15672637,a,36.75,4.71,g,ff,ff,0,f,f,0,f,g,160,1,f
15680895,b,32.33,7.5,g,e,v,1.585,t,f,0,t,s,420,1,f
15793825,a,31.92,3.125,g,ff,ff,3.04,f,t,2,t,g,200,5,f
15611318,b,24.83,2.75,g,c,bb,2.25,t,t,6,f,g,184,601,t
15768474,b,21.92,0.54,p,x,bb,0.04,t,t,1,t,g,840,60,t
15716276,b,34.25,3,g,cc,h,7.415,t,f,0,t,g,0,1,t
15623668,b,51.83,3,p,ff,ff,1.5,f,f,0,f,g,180,5,f
15696361,a,31.57,1.5,g,ff,ff,0,f,t,2,t,g,200,106,f
15607988,b,38.42,0.705,g,c,bb,0.375,f,t,2,f,g,225,501,f
15637891,b,39.17,1.71,g,x,bb,0.125,t,t,5,t,g,480,1,t
15789865,b,18.17,2.46,g,c,o,0.96,f,t,2,t,g,160,588,f
15627190,b,39,5,g,cc,bb,3.5,t,t,10,t,g,0,1,t
15788224,b,20,11.045,g,c,bb,2,f,f,0,t,g,136,1,f
15702149,b,32.75,2.335,g,d,h,5.75,f,f,0,t,g,292,1,f
15708236,b,18.58,5.71,g,d,bb,0.54,f,f,0,f,g,120,1,f
15568469,a,15.83,7.625,g,q,bb,0.125,f,t,1,t,g,0,161,f
15764444,b,39.33,5.875,g,cc,h,10,t,t,14,t,g,399,1,t
15794204,a,19.58,0.665,g,w,bb,1.665,f,f,0,f,g,220,6,f
15807546,b,21.33,10.5,g,c,bb,3,t,f,0,t,g,0,1,t
15782159,a,22.67,0.75,g,c,bb,2,f,t,2,t,g,200,395,f
15618703,b,25.67,3.25,g,c,h,2.29,f,t,1,t,g,416,22,f
15793317,b,21.08,10.085,p,e,h,1.25,f,f,0,f,g,260,1,f
15740487,a,49,1.5,g,j,j,0,t,f,0,t,g,100,28,f
15722479,b,20.67,5.29,g,q,bb,0.375,t,t,1,f,g,160,1,f
15688264,a,19.67,0.21,g,q,h,0.29,t,t,11,f,g,80,100,t
15583067,b,21.83,0.25,g,d,h,0.665,t,f,0,t,g,0,1,t
15686670,b,26.83,0.54,g,k,ff,0,f,f,0,f,g,100,1,f
15593345,a,38.58,5,g,cc,bb,13.5,t,f,0,t,g,980,1,f
15811690,a,50.08,12.54,g,aa,bb,2.29,t,t,3,t,g,156,1,t
15734008,a,15.75,0.375,g,c,bb,1,f,f,0,f,g,120,19,f
15771856,a,24.5,12.75,g,c,v,4.75,t,t,2,f,g,73,445,t
15762045,b,21,4.79,p,w,bb,2.25,t,t,1,t,g,80,301,t
15778142,b,22.08,11,g,cc,bb,0.665,t,f,0,f,g,100,1,t
15689268,b,54.58,9.415,g,ff,ff,14.415,t,t,11,t,g,30,301,t
15721507,b,18.08,5.5,g,k,bb,0.5,t,f,0,f,g,80,1,t
15750476,b,36.67,4.415,p,k,bb,0.25,t,t,10,t,g,320,1,t
15810723,b,38.17,10.125,g,x,bb,2.5,t,t,6,f,g,520,197,t
15787229,b,21.83,1.54,g,k,bb,0.085,f,f,0,t,g,356,1,f
15570508,a,51.92,6.5,g,i,v,3.085,f,f,0,t,g,73,1,f
15617065,b,22.17,2.25,g,i,bb,0.125,f,f,0,f,g,160,11,f
15689786,b,52.42,1.5,g,d,bb,3.75,f,f,0,t,g,0,351,f
15648876,a,60.92,5,g,aa,bb,4,t,t,4,f,g,0,100,t
15802106,b,20.17,5.625,g,w,bb,1.71,t,f,0,f,s,120,1,t
15773869,b,23.25,4,g,c,v,0.25,t,f,0,t,g,160,1,t
15711635,b,36.17,0.42,p,w,bb,0.29,f,f,0,t,g,309,3,f
15795527,a,42.25,1.75,p,c,bb,0,f,f,0,t,g,150,2,f
15759133,b,23.58,0.835,g,i,h,0.085,f,f,0,t,g,220,6,f
15679394,a,36,1,g,c,bb,2,t,t,11,f,g,0,457,t
15801072,b,39.58,5,g,ff,ff,0,f,t,2,f,g,17,2,f
15646082,a,18.83,4.415,p,c,h,3,t,f,0,f,g,240,1,t
15796111,b,27.25,0.625,g,aa,bb,0.455,t,f,0,t,g,200,1,f
15670646,b,32.42,3,g,d,bb,0.165,f,f,0,t,g,120,1,f
15578722,b,19.42,1.5,p,cc,bb,2,t,f,0,t,g,100,21,f
15815095,a,22.58,10.75,g,q,bb,0.415,t,t,5,t,g,0,561,t
15730360,b,39.92,6.21,g,q,bb,0.04,t,t,1,f,g,200,301,t
15763194,b,22.67,0.165,g,c,j,2.25,f,f,0,t,s,0,1,t
15720725,a,23.42,0.79,p,q,bb,1.5,t,t,2,t,g,80,401,t
15567834,a,30,5.29,g,e,dd,2.25,t,t,5,t,g,99,501,t
15720644,a,40.33,7.54,p,q,h,8,t,t,14,f,g,0,2301,t
15811742,a,36.75,5.125,g,e,bb,5,t,f,0,t,g,0,4001,t
15813363,b,31,2.085,g,c,bb,0.085,f,f,0,f,g,300,1,f
15717629,a,25.17,2.875,g,x,h,0.875,t,f,0,f,g,360,1,t
15713160,b,27.42,12.5,g,aa,v,0.25,f,f,0,t,g,720,1,f
15568878,b,31.57,4,g,x,bb,5,t,t,3,t,g,290,2280,t
15809800,b,34.08,6.5,g,aa,bb,0.125,t,f,0,t,g,443,1,f
15736420,b,22.08,2.335,g,k,bb,0.75,f,f,0,f,g,180,1,f
15757933,b,31.08,3.085,g,c,bb,2.5,f,t,2,t,g,160,42,f
15623072,b,31.57,0.5,g,c,v,0.835,t,f,0,t,s,320,1,f
15683993,b,16,3.125,g,w,bb,0.085,f,t,1,f,g,0,7,f
15570947,b,27.25,1.665,g,cc,h,5.085,t,t,9,f,g,399,828,t
15797767,b,25.17,3,g,c,bb,1.25,f,t,1,f,g,0,23,f
15731989,b,67.75,5.5,g,e,z,13,t,t,1,t,g,0,1,t
15591035,a,18.83,9.5,g,w,bb,1.625,t,t,6,t,g,40,601,t
15586479,a,27.25,0.29,g,m,h,0.125,f,t,1,t,g,272,109,f
15605872,a,19.58,0.665,p,c,bb,1,f,t,1,f,g,2000,3,f
15666012,b,30.75,1.585,g,d,bb,0.585,f,f,0,t,s,0,1,f
15641733,a,50.25,0.835,g,aa,bb,0.5,f,f,0,t,g,240,118,f
15593178,b,31.08,1.5,p,w,bb,0.04,f,f,0,f,s,160,1,f
15649183,b,51.58,15,g,c,bb,8.5,t,t,9,f,g,0,1,t
15736399,a,36.58,0.29,g,ff,ff,0,f,t,10,f,g,200,19,f
15751137,b,33.58,2.75,g,m,bb,4.25,t,t,6,f,g,204,1,t
15757188,a,20.83,3,g,aa,bb,0.04,t,f,0,f,g,100,1,t
15726167,b,36.17,18.125,g,w,bb,0.085,f,f,0,f,g,320,3553,f
15624850,b,50.75,0.585,g,ff,ff,0,f,f,0,f,g,145,1,f
15717700,a,23.58,0.83,g,q,bb,0.415,f,t,1,t,g,200,12,f
15716347,b,35.17,4.5,g,x,h,5.75,f,f,0,t,s,711,1,t
15696287,a,58.42,21,g,i,v,10,t,t,13,f,g,0,6701,t
15638871,b,28.25,0.875,g,m,bb,0.96,t,t,3,t,g,396,1,t
15765093,b,31.57,0.625,g,k,bb,0.25,f,f,0,f,g,380,2011,f
15592999,a,31.75,3,p,j,j,0,f,f,0,f,g,160,21,f
15641715,b,19.42,6.5,g,w,h,1.46,t,t,7,f,g,80,2955,t
15607746,b,39.08,6,g,m,bb,1.29,t,t,5,t,g,108,1098,t
15625311,b,17.08,3.29,g,i,bb,0.335,f,f,0,t,g,140,3,f
15573077,b,44.83,7,p,c,bb,1.625,f,f,0,f,g,160,3,f
15735106,b,16.25,0,p,aa,bb,0.25,f,f,0,f,g,60,1,f
15672912,a,41.17,6.5,g,q,bb,0.5,t,t,3,t,g,145,1,t
15589881,b,28.92,15,g,c,h,5.335,t,t,11,f,g,0,2284,t
15660144,a,26.17,2,g,j,j,0,f,f,0,t,g,276,2,f
15664083,b,38.58,3.335,g,w,bb,4,t,t,14,f,g,383,1345,t
15690898,b,25.17,6,g,c,bb,1,t,t,3,f,g,0,1,t
15808023,a,28.17,0.375,g,q,bb,0.585,t,t,4,f,g,80,1,t
15676909,b,73.42,17.75,g,ff,ff,0,t,f,0,t,g,0,1,t
15764922,b,22.5,11.5,p,m,bb,1.5,f,f,0,t,g,0,4001,f
15766734,a,27.17,1.25,g,ff,ff,0,f,t,1,f,g,92,301,f
15795079,a,19.17,8.585,g,cc,h,0.75,t,t,7,f,g,96,1,t
15757434,a,25.58,0,g,c,bb,0,f,f,0,f,p,184,1,t
15673747,b,31.57,0.04,p,d,bb,4.25,f,f,0,t,g,460,1,f
15808386,a,22.5,8.5,g,q,bb,1.75,t,t,10,f,g,80,991,f
15603565,a,22.92,1.25,g,q,bb,0.25,f,f,0,t,g,120,810,f
15744044,b,23.25,12.625,g,c,bb,0.125,f,t,2,f,g,0,5553,f
15577771,a,29.5,1.085,p,x,bb,1,f,f,0,f,g,280,14,f
15769548,a,32,6,g,d,bb,1.25,f,f,0,f,g,272,1,f
15802071,b,27,1.5,p,w,bb,0.375,t,f,0,t,g,260,1066,t
15677395,b,19.33,10.915,g,c,v,0.585,f,t,2,t,g,200,8,f
15632010,b,35.75,2.415,g,w,bb,0.125,f,t,2,f,g,220,2,f
15779492,b,18.83,0,g,q,bb,0.665,f,f,0,f,g,160,2,f
15694677,a,28.75,3.75,g,c,bb,1.085,t,t,1,t,g,371,1,t
15704315,b,34.42,4.25,g,i,v,3.25,t,t,2,f,g,274,611,t
15742009,a,33.25,3,p,aa,bb,2,f,f,0,f,g,180,1,f
15766663,b,53.92,9.625,g,e,bb,8.665,t,t,5,f,g,0,1,t
15742297,b,25.25,1,g,aa,bb,0.5,f,f,0,f,g,200,1,f
15688059,b,32.42,2.165,p,k,ff,0,f,f,0,f,g,120,1,f
15752344,a,21.08,5,p,ff,ff,0,f,f,0,f,g,0,1,f
15698749,a,56.5,16,g,j,ff,0,t,t,15,f,g,0,248,t
15631693,b,32.25,0.165,p,c,h,3.25,t,t,1,t,g,432,8001,t
15604536,a,20.5,11.835,g,c,h,6,t,f,0,f,g,340,1,t
15802869,a,30.25,5.5,g,k,bb,5.5,f,f,0,t,s,100,1,f
15635598,a,24.58,0.67,g,aa,h,1.75,t,f,0,f,g,400,1,f
15592326,b,23.17,11.125,g,x,h,0.46,t,t,1,f,g,100,1,t
15736533,a,31.57,11.25,g,ff,ff,0,f,f,0,f,g,184,5201,f
15647191,a,32.33,0.54,g,cc,bb,0.04,t,f,0,f,g,440,11178,t
15622507,b,23.92,1.5,g,d,h,1.875,t,t,6,f,g,200,328,t
15765487,b,36.75,0.125,p,c,bb,1.5,f,f,0,t,g,232,114,t
15646521,b,29.83,1.25,p,k,bb,0.25,f,f,0,f,g,224,1,f
15746258,a,24.08,0.5,g,q,h,1.25,t,t,1,f,g,0,679,t
15692430,b,21.17,0.25,p,c,h,0.25,f,f,0,f,g,280,205,f
15625501,b,31.42,15.5,g,c,bb,0.5,t,f,0,f,g,120,1,f
15640521,b,22.83,3,g,m,bb,1.29,t,t,1,f,g,260,801,t
15790630,b,37.5,1.75,p,c,v,0.25,t,f,0,t,g,164,401,f
15664720,a,24.83,4.5,g,w,bb,1,f,f,0,t,g,360,7,f
15750055,b,36.33,3.79,g,w,bb,1.165,t,f,0,t,g,200,1,f
15644878,a,47.25,0.75,g,q,h,2.75,t,t,1,f,g,333,893,t
15754578,b,32.08,4,p,cc,bb,1.5,f,f,0,t,g,120,1,f
15705379,a,30.58,10.665,g,q,h,0.085,f,t,12,t,g,129,4,f
15761047,b,27.83,1.54,g,w,bb,3.75,t,t,5,t,g,100,4,t
15671293,b,54.83,15.5,g,e,z,0,t,t,20,f,g,152,131,f
15687527,b,16.08,0.75,g,c,bb,1.75,t,t,5,t,g,352,691,t
15647898,b,24.58,12.5,g,w,bb,0.875,t,f,0,t,g,260,1,f
15671534,b,32.67,5.5,g,q,h,5.5,t,t,12,t,g,408,1001,t
15591248,b,30.17,0.5,g,c,bb,1.75,t,t,11,f,g,32,541,t
15676156,b,22.25,0.46,g,k,bb,0.125,f,f,0,t,g,280,56,f
15812918,b,41.75,0.96,g,x,bb,2.5,t,f,0,f,g,510,601,t
15604130,b,36.67,2,g,i,bb,0.25,f,f,0,t,g,221,1,f
15700549,b,25.83,12.835,g,cc,bb,0.5,f,f,0,f,g,0,3,f
15715519,b,29.92,1.835,g,c,h,4.335,t,f,0,f,g,260,201,t
15707042,b,20.08,0.25,g,q,bb,0.125,f,f,0,f,g,200,1,f
15605276,b,19.67,0.375,g,q,bb,2,t,t,2,t,g,80,1,t
15630592,b,51.42,0.04,g,x,h,0.04,t,f,0,f,g,0,3001,t
15636626,b,62.75,7,g,e,z,0,f,f,0,f,g,0,13,f
15740411,b,40.58,3.29,g,m,bb,3.5,f,f,0,t,s,400,1,f
15593834,a,16.33,0.21,g,aa,bb,0.125,f,f,0,f,g,200,2,f
15804235,b,29.5,0.58,g,w,bb,0.29,f,t,1,f,g,340,2804,f
15679801,b,34,4.5,g,aa,bb,1,t,f,0,t,g,240,1,f
15673907,a,71.58,0,g,c,bb,0,f,f,0,f,p,184,1,t
15636562,b,42,0.205,g,i,h,5.125,t,f,0,f,g,400,1,t
15702571,a,22.5,11,p,q,bb,3,t,f,0,t,g,268,1,f
15627365,b,24.42,2,g,e,dd,0.165,f,t,2,f,g,320,1301,f
15748499,b,44.33,0.5,g,i,h,5,t,f,0,t,g,320,1,t
15598614,a,23,11.75,g,x,h,0.5,t,t,2,t,g,300,552,t
15668889,b,34.42,1.335,g,i,v,0.125,f,f,0,t,g,440,4501,f
15800049,b,23.08,11.5,g,i,bb,3.5,t,t,9,f,g,56,743,t
15583724,b,25.92,0.875,g,k,bb,0.375,f,t,2,t,g,174,4,f
15622083,a,17.58,9,g,aa,bb,1.375,t,f,0,t,g,0,1,t
15645571,b,20.42,1.085,g,q,bb,1.5,f,f,0,f,g,108,8,f
15598266,b,31.67,16.165,g,d,bb,3,t,t,9,f,g,250,731,t
15667934,a,57.58,2,g,ff,ff,6.5,f,t,1,f,g,0,11,f
15569682,b,59.67,1.54,g,q,bb,0.125,t,f,0,t,g,260,1,t
15772941,a,65.17,14,g,ff,ff,0,t,t,11,t,g,0,1401,t
15586174,b,30.08,1.04,p,i,v,0.5,t,t,10,t,g,132,29,f
15803682,b,48.58,6.5,g,q,h,6,t,f,0,t,g,350,1,t
15627328,a,23.58,11.5,p,k,h,3,f,f,0,t,g,20,17,f
15717065,b,20.17,9.25,g,c,bb,1.665,t,t,3,t,g,40,29,t
15602456,b,48.17,7.625,g,w,h,15.5,t,t,12,f,g,0,791,t
15721569,b,23.25,1.5,g,q,bb,2.375,t,t,3,t,g,0,583,t
15573798,b,32.25,14,p,ff,ff,0,f,t,2,f,g,160,2,f
15638272,b,33.58,0.335,p,cc,bb,0.085,f,f,0,f,g,180,1,f
15799859,b,23.58,0.46,p,w,bb,2.625,t,t,6,t,g,208,348,f
15599152,b,16.92,0.335,p,k,bb,0.29,f,f,0,f,s,200,1,f
15737909,a,20.83,8.5,g,c,bb,0.165,f,f,0,f,g,0,352,f
15646190,a,60.58,16.5,g,q,bb,11,t,f,0,t,g,21,10562,t
15711249,b,31.57,5,p,aa,bb,8.5,t,f,0,f,g,0,1,f
15671987,a,25,12.33,g,cc,h,3.5,t,t,6,f,g,400,459,t
15812766,b,21.5,9.75,g,c,bb,0.25,t,f,0,f,g,140,1,f
15778589,b,20.42,0,g,c,bb,0,f,f,0,f,p,184,1,f
15750104,a,25.25,13.5,p,ff,ff,2,f,t,1,t,g,200,2,f
15784526,b,42.83,4.625,g,q,bb,4.58,t,f,0,f,s,0,1,t
15646563,b,26.67,1.75,p,c,bb,1,t,t,5,t,g,160,5778,t
15744423,b,57.83,7.04,g,m,bb,14,t,t,6,t,g,360,1333,t
15593694,b,55.92,11.5,g,ff,ff,5,t,t,5,f,g,0,8852,t
15785367,b,51.33,10,g,i,v,0,t,t,11,f,g,0,1250,t
15687765,b,39.83,0.5,g,m,bb,0.25,t,f,0,f,s,288,1,f
15789014,b,27.58,2.04,p,aa,bb,2,t,t,3,t,g,370,561,t
15703177,b,30.17,6.5,g,cc,bb,3.125,t,t,8,f,g,330,1201,t
15660263,b,51.83,2.04,p,ff,ff,1.5,f,f,0,f,g,120,2,f
15776545,a,25,11,p,aa,bb,4.5,t,f,0,f,g,120,1,f
15683276,b,29.67,0.75,p,c,bb,0.04,f,f,0,f,g,240,1,f
15599272,a,33.67,0.375,g,cc,bb,0.375,f,f,0,f,g,300,45,t
15589541,b,25.75,0.75,g,c,v,0.25,t,f,0,f,g,349,24,t
15608804,a,28.67,1.04,g,c,bb,2.5,t,t,5,t,g,300,1431,t
15645820,a,18.08,0.375,gg,cc,ff,10,f,f,0,t,s,300,1,t
15659031,b,20.42,7,g,c,bb,1.625,t,t,3,f,g,200,1392,t
15790113,b,17.5,22,gg,ff,o,0,f,f,0,t,p,450,100001,t
15652289,b,18.08,6.75,p,m,bb,0.04,f,f,0,f,g,140,1,f
15605341,b,47.67,2.5,g,m,v,2.5,t,t,12,t,g,410,2511,t
15697844,b,57.42,8.5,g,e,h,7,t,t,3,f,g,0,1,t
15652048,b,13.75,4,p,w,bb,1.75,t,t,2,t,g,120,1001,t
15587038,b,19.33,9.5,g,q,bb,1,t,f,0,t,g,60,401,t
15660528,a,21.92,11.665,g,k,h,0.085,f,f,0,f,g,320,6,f
15700300,b,17.58,10,g,w,h,0.165,f,t,1,f,g,120,2,f
15642001,b,34.83,2.5,p,w,bb,3,f,f,0,f,s,200,1,f
15580366,b,29.17,3.5,g,w,bb,3.5,t,t,3,t,g,329,1,f
15657228,b,21.42,0.75,p,r,o,0.75,f,f,0,t,g,132,3,f
15729377,b,18.17,10.25,g,c,h,1.085,f,f,0,f,g,320,14,f
15686913,b,28,3,g,w,bb,0.75,f,f,0,t,g,300,68,f
15631267,a,45.83,10.5,g,q,bb,5,t,t,7,t,g,0,1,t
15632275,b,22.75,11.5,g,i,bb,0.415,f,f,0,f,g,0,1,f
15715907,a,31.57,3.5,g,d,bb,3,t,f,0,t,g,300,1,f
15764841,a,20.42,7.5,g,k,bb,1.5,t,t,1,f,g,160,235,t
15748649,a,21.25,2.335,g,i,v,0.5,t,t,4,f,s,80,1,t
15771409,b,26.67,4.25,g,cc,bb,4.29,t,t,1,t,g,120,1,t
15779207,a,27.33,1.665,g,ff,ff,0,f,f,0,f,g,340,2,f
15814116,b,42.08,1.04,g,w,bb,5,t,t,6,t,g,500,10001,t
15665087,a,18.25,10,g,w,bb,1,f,t,1,f,g,120,2,f
15611189,a,28.5,1,g,q,bb,1,t,t,2,t,g,167,501,f
15729718,a,21.5,6,g,aa,bb,2.5,t,t,3,f,g,80,919,t
15733602,b,21.83,11,g,x,bb,0.29,t,t,6,f,g,121,1,t
15620103,b,21.92,0.5,g,c,bb,0.125,f,f,0,f,g,360,1,f
15770406,b,32.67,9,p,w,h,5.25,t,f,0,t,g,154,1,t
15800554,a,45.33,1,g,q,bb,0.125,f,f,0,t,g,263,1,f
15611409,a,23.58,0.585,p,ff,ff,0.125,f,f,0,f,g,120,88,f
15646535,a,17.92,0.54,g,c,bb,1.75,f,t,1,t,g,80,6,f
15575430,b,33,2.5,p,w,bb,7,f,f,0,t,g,280,1,f
15711299,a,22.67,0.335,g,q,bb,0.75,f,f,0,f,s,160,1,f
15642063,b,34.67,1.08,g,m,bb,1.165,f,f,0,f,s,28,1,f
15706602,b,29.67,1.415,g,w,h,0.75,t,t,1,f,g,240,101,t
15592773,b,31.83,2.5,g,aa,bb,7.5,t,f,0,t,g,523,1,f
15786539,a,20.67,1.835,g,q,bb,2.085,t,t,5,f,g,220,2504,t
15737542,b,33.75,2.75,g,i,v,0,f,f,0,f,g,180,1,f
15590234,b,22.08,0.83,g,c,h,2.165,f,f,0,t,g,128,1,t
15773776,a,35.42,12,g,q,h,14,t,t,8,f,g,0,6591,t
15728082,b,31.92,4.46,g,cc,h,6.04,t,t,3,f,g,311,301,t
15609987,a,22.67,0.79,g,i,bb,0.085,f,f,0,f,g,144,1,f
15735330,b,26.67,14.585,g,i,v,0,f,f,0,t,g,178,1,f
15649430,b,44,2,g,m,bb,1.75,t,t,2,t,g,0,16,t
15768777,b,30.17,1.085,p,c,bb,0.04,f,f,0,f,g,170,180,f
15777893,b,37.75,7,g,q,h,11.5,t,t,7,t,g,300,6,f
15791326,b,17.08,0.085,p,c,bb,0.04,f,f,0,f,g,140,723,f
15615176,b,49.17,2.29,g,ff,ff,0.29,f,f,0,f,g,200,4,f
15735221,b,22.92,0.17,g,m,bb,0.085,f,f,0,f,s,0,1,f
15617991,a,34.83,1.25,p,i,h,0.5,f,f,0,t,g,160,1,f
15658504,b,44.25,11,p,d,bb,1.5,t,f,0,f,s,0,1,f
15785705,b,59.5,2.75,g,w,bb,1.75,t,t,5,t,g,60,59,t
15801817,b,25.5,0.375,g,m,bb,0.25,t,t,3,f,g,260,15109,t
15752578,a,41.58,1.04,g,aa,bb,0.665,f,f,0,f,g,240,238,f
15781574,b,49.58,19,g,ff,ff,0,t,t,1,f,g,94,1,f
15792107,a,33.92,1.585,p,ff,ff,0,t,f,0,f,g,320,1,f
15569917,b,19.17,4,p,i,bb,1,f,f,0,t,g,360,1001,f
15721504,a,24.5,2.415,p,c,bb,0,f,f,0,f,g,120,1,f
15757306,b,23.33,1.5,g,c,h,1.415,t,f,0,f,g,422,201,t
15647295,b,69.17,9,g,ff,ff,4,f,t,1,f,g,70,7,f
15642098,b,47.67,0.29,g,c,v,15,t,t,20,f,g,0,15001,t
15696120,a,33.25,2.5,p,c,bb,2.5,f,f,0,t,g,0,3,f
15675176,b,43.25,3,g,q,h,6,t,t,11,f,g,80,1,t
15700046,b,23,0.625,p,aa,bb,0.125,t,f,0,f,g,180,2,f
15782089,b,34.75,2.5,g,cc,v,0.5,f,f,0,f,g,348,1,f
15706394,b,56.58,18.5,g,d,v,15,t,t,17,t,g,0,1,t
15759387,a,44.17,6.665,g,q,bb,7.375,t,t,3,t,g,0,1,t
15623369,a,44.33,0,g,c,bb,2.5,t,f,0,f,g,0,1,t
15732943,b,34.25,1.75,g,w,v,0.25,t,f,0,t,g,163,1,f
15750545,a,45,4.585,g,k,h,1,f,f,0,t,s,240,1,f
15809909,b,30.58,2.71,p,m,bb,0.125,f,f,0,t,s,80,1,f
15642448,b,27.67,0.75,g,q,h,0.165,f,f,0,t,g,220,252,f
15791944,b,19.42,7.25,g,m,bb,0.04,f,t,1,f,g,100,2,f
15768342,a,41.33,1,g,i,v,2.25,t,f,0,t,g,0,301,t
15567919,a,23.5,1.5,g,w,bb,0.875,f,f,0,t,g,160,1,f
15674750,b,31.67,0.83,g,x,bb,1.335,t,t,8,t,g,303,3291,t
15778345,a,17.83,11,g,x,h,1,t,t,11,f,g,0,3001,t
15687634,a,33.17,2.25,p,cc,bb,3.5,f,f,0,t,g,200,142,f
15666096,a,52.5,7,g,aa,h,3,f,f,0,f,g,0,1,f
15581700,a,25.42,1.125,g,q,bb,1.29,t,t,2,f,g,200,1,f
15656417,b,40.58,1.5,g,i,v,0,f,f,0,f,s,300,1,f
15649101,b,23.92,0.585,p,cc,h,0.125,f,f,0,f,g,240,2,f
15781975,b,56,12.5,g,k,h,8,t,f,0,t,g,24,2029,t
15700511,a,28.5,3.04,p,x,h,2.54,t,t,1,f,g,70,1,t
15770255,b,32.08,4,g,m,bb,2.5,t,f,0,t,g,360,1,t
15643574,b,21.17,0.875,p,c,h,0.25,f,f,0,f,g,280,205,f
15595010,b,34.17,9.17,g,c,bb,4.5,t,t,12,t,g,0,222,t
15580579,b,43.25,25.21,g,q,h,0.21,t,t,1,f,g,760,91,f
15748532,a,38.25,6,g,k,bb,1,t,f,0,t,g,0,1,t
15773789,b,37.42,2.04,g,w,bb,0.04,t,f,0,t,g,400,5801,t
15600027,b,29.83,2.04,p,x,h,0.04,f,f,0,f,g,128,2,f
15620832,b,37.33,2.665,g,cc,bb,0.165,f,f,0,t,g,0,502,f
15568819,b,31.33,19.5,g,c,bb,7,t,t,16,f,g,0,5001,t
15748691,b,36.08,2.54,g,ff,ff,0,f,f,0,f,g,0,1001,f
15583552,b,20.5,2.415,g,c,bb,2,t,t,11,t,g,200,3001,t
15588019,b,47.17,5.835,g,w,bb,5.5,f,f,0,f,g,465,151,f
15713250,b,22,7.835,p,i,v,0.165,f,f,0,t,g,184,1,f
15569595,b,20.5,10,p,c,bb,2.5,t,f,0,f,s,40,1,t
15794868,b,34.92,2.5,g,w,bb,0,t,f,0,t,g,239,201,t
15576680,b,24.08,0.875,g,m,bb,0.085,f,t,4,f,g,254,1951,f
15613699,b,37.33,6.5,g,m,h,4.25,t,t,12,t,g,93,1,t
15609758,a,20.75,9.54,g,i,bb,0.04,f,f,0,f,g,200,1001,f
15762392,b,36.67,3.25,g,q,h,9,t,f,0,t,g,102,640,t
15693382,b,22.58,10.04,g,x,bb,0.04,t,t,9,f,g,60,397,t
15791769,a,26.92,13.5,g,q,h,5,t,t,2,f,g,0,5001,t
15712483,a,46.67,0.46,g,cc,h,0.415,t,t,11,t,g,440,7,t
15636454,a,52.17,0,p,ff,ff,0,f,f,0,f,g,0,1,f
15710138,b,39.17,2.5,p,i,h,10,f,f,0,t,s,200,1,f
15571571,b,39.17,1.625,g,c,bb,1.5,t,t,10,f,g,186,4701,t
15638751,a,27.67,2.04,g,w,bb,0.25,f,f,0,t,g,180,51,f
15598574,b,19.17,9.5,g,w,bb,1.5,t,f,0,f,g,120,2207,t
15796787,b,39.5,4.25,g,c,v,6.5,t,t,16,f,g,117,1211,t
15615670,b,36.42,0.75,p,d,bb,0.585,f,f,0,f,g,240,4,f
15705506,b,26.17,0.25,g,i,v,0,t,f,0,t,g,0,1,t
15599535,b,39.42,1.71,p,m,bb,0.165,f,f,0,f,s,400,1,f
15768449,b,41.92,0.42,g,c,h,0.21,t,t,6,f,g,220,949,t
15725002,b,21.33,7.5,g,aa,bb,1.415,t,t,1,f,g,80,9801,t
15611682,a,20.08,1.25,g,c,bb,0,f,f,0,f,g,0,1,f
15749964,a,27.58,3,g,m,bb,2.79,f,t,1,t,g,280,11,f
15678779,b,21.58,0.79,p,cc,bb,0.665,f,f,0,f,g,160,1,f
15752601,b,28.25,5.125,g,x,bb,4.75,t,t,2,f,g,420,8,t
15758477,b,26.92,2.25,g,i,v,0.5,f,f,0,t,g,640,4001,f
15629133,a,18.42,9.25,g,q,bb,1.21,t,t,4,f,g,60,541,t
15604963,a,23.25,5.875,g,q,bb,3.17,t,t,10,f,g,120,246,t
15796413,b,23.58,1.79,g,c,bb,0.54,f,f,0,t,g,136,2,f
15812470,b,28.33,5,g,w,bb,11,t,f,0,t,g,70,1,t
15587443,b,25.67,2.21,p,aa,bb,4,t,f,0,f,g,188,1,f
15689692,a,28.58,1.665,g,q,bb,2.415,t,f,0,t,g,440,1,f
15779586,b,22.92,3.165,p,c,bb,0.165,f,f,0,f,g,160,1059,f
15667588,a,24.5,1.04,p,ff,ff,0.5,t,t,3,f,g,180,148,f
15624423,b,24.75,0.54,g,m,bb,1,f,f,0,t,g,120,2,f
15591107,b,32,1.75,p,e,h,0.04,t,f,0,t,g,393,1,t
15748986,b,48.08,3.75,g,i,v,1,f,f,0,f,g,100,3,f
15793896,a,28.42,3.5,g,w,bb,0.835,t,f,0,f,s,280,1,t
15620570,b,25.42,0.54,g,w,bb,0.165,f,t,1,f,g,272,445,f
15727811,b,18.58,10.29,g,ff,ff,0.415,f,f,0,f,g,80,1,f
15707681,b,21.67,1.165,p,k,bb,2.5,t,t,1,f,g,180,21,f
15702030,b,24.58,1.25,g,c,bb,0.25,f,f,0,f,g,110,1,f
15673238,b,16.33,4.085,g,i,h,0.415,f,f,0,t,g,120,1,f
15604196,b,26.75,2,g,d,bb,0.75,f,f,0,t,g,80,1,f
15769356,b,48.17,3.5,g,aa,bb,3.5,t,f,0,f,s,230,1,t
15665590,b,23.5,2.75,g,ff,ff,4.5,f,f,0,f,g,160,26,f
15572361,a,41,2.04,p,q,h,0.125,t,t,23,t,g,455,1237,t
15667460,b,35.17,25.125,g,x,h,1.625,t,t,1,t,g,515,501,t
15654760,b,23.75,12,g,c,bb,2.085,f,f,0,f,s,80,1,f
15632669,b,18.67,5,g,q,bb,0.375,t,t,2,f,g,0,39,f
15613673,b,30.33,0.5,g,d,h,0.085,f,f,0,t,s,252,1,f
15698522,a,19.75,0.75,g,c,bb,0.795,t,t,5,t,g,140,6,f
15741633,b,26.17,0.835,g,cc,bb,1.165,f,f,0,f,g,100,1,f
15674583,b,28.75,1.5,p,c,bb,1.5,t,f,0,t,g,0,226,f
15665374,b,28.67,9.335,g,q,h,5.665,t,t,6,f,g,381,169,t
15588854,b,26,1,g,q,bb,1.75,t,f,0,t,g,280,1,t
15810716,b,23.5,3.165,p,k,bb,0.415,f,t,1,t,g,280,81,f
15776921,b,26.33,13,g,e,dd,0,f,f,0,t,g,140,1111,f
15569394,b,54.33,6.75,g,c,h,2.625,t,t,11,t,g,0,285,t
15788215,b,31.57,0.375,g,d,bb,0.875,t,f,0,t,s,928,1,f
15641007,a,25.25,12.5,g,d,bb,1,f,f,0,t,g,180,1063,f
15594651,b,33.17,3.165,p,x,bb,3.165,t,t,3,t,g,380,1,t
15575146,b,39.5,1.625,g,c,bb,1.5,f,f,0,f,g,0,317,f
15608916,a,17.67,0,p,j,ff,0,f,f,0,f,g,86,1,f
15666297,b,23.92,0.665,g,c,bb,0.165,f,f,0,f,g,100,1,t
15598586,b,26.67,2.71,p,cc,bb,5.25,t,t,1,f,g,211,1,t
15665014,a,22.5,0.415,g,i,bb,0.335,f,f,0,t,s,144,1,f
15701738,b,39.92,0.54,p,aa,bb,0.5,t,t,3,f,g,200,1001,t
15650591,a,26.08,8.665,g,aa,bb,1.415,t,f,0,f,g,160,151,t
15652667,b,20,0,g,d,bb,0.5,f,f,0,f,g,144,1,f
15679622,b,31.57,4,p,i,bb,0.085,f,f,0,t,g,411,1,f
15730150,b,26.75,4.5,p,c,v,2.5,f,f,0,f,g,200,1211,f
15813192,a,24.92,1.25,g,ff,ff,0,t,f,0,f,g,80,1,f
15606554,a,32.25,1.5,g,c,bb,0.25,f,f,0,t,g,372,123,f
15611794,b,17.67,4.46,g,c,bb,0.25,f,f,0,f,s,80,1,f
15672357,a,37.75,5.5,g,q,bb,0.125,t,f,0,t,g,228,1,t
15711759,b,22.67,2.54,p,c,h,2.585,t,f,0,f,g,0,1,t
15615296,a,17.92,10.21,g,ff,ff,0,f,f,0,f,g,0,51,f
15699294,b,24.42,12.335,g,q,h,1.585,t,f,0,t,g,120,1,t
15788634,a,25.75,0.5,g,c,h,0.875,t,f,0,t,g,491,1,t
15660871,b,26.17,12.5,p,k,h,1.25,f,f,0,t,g,0,18,f
15618258,a,22.75,6.165,g,aa,bb,0.165,f,f,0,f,g,220,1001,f
15722535,b,23,0.75,g,m,bb,0.5,t,f,0,t,s,320,1,f
15711977,b,25.67,0.29,p,c,bb,1.5,f,f,0,t,g,160,1,f
15690169,b,48.58,0.205,p,k,bb,0.25,t,t,11,f,g,380,2733,t
15790689,b,21.17,0,g,c,bb,0.5,f,f,0,t,s,0,1,f
15665181,b,35.25,16.5,p,c,bb,4,t,f,0,f,g,80,1,f
15633608,a,22.92,11.585,g,cc,bb,0.04,t,f,0,f,g,80,1350,t
15805261,a,48.17,1.335,g,i,o,0.335,f,f,0,f,g,0,121,f
15740356,b,43,0.29,p,cc,h,1.75,t,t,8,f,g,100,376,t
15808223,b,31.57,10.5,g,x,bb,6.5,t,f,0,f,g,0,1,t
15769980,b,20.67,0.415,g,c,bb,0.125,f,f,0,f,g,0,45,f
15675450,a,18.83,9.54,g,aa,bb,0.085,t,f,0,f,g,100,1,t
15776494,a,27.42,14.5,g,x,h,3.085,t,t,1,f,g,120,12,t
15592412,b,41,0.04,g,e,bb,0.04,f,t,1,f,s,560,1,t
